ITIN_ID,YEAR,QUARTER,ORIGIN,ORIGIN_STATE_NM,DEST,DEST_STATE_NM,PASSENGERS
2021118,2021,1,CAE,South Carolina,FLL,Florida,1.00
2021119,2021,1,CAE,South Carolina,FLL,Florida,2.00
2021120,2021,1,CAE,South Carolina,FLL,Florida,6.00
2021121,2021,1,CAE,South Carolina,FLL,Florida,3.00
2021122,2021,1,CAE,South Carolina,FLL,Florida,1.00
2021123,2021,1,CAE,South Carolina,FLL,Florida,3.00
2021124,2021,1,CAE,South Carolina,FLL,Florida,1.00
2021125,2021,1,CAE,South Carolina,FLL,Florida,5.00
2021126,2021,1,CAE,South Carolina,FLL,Florida,2.00
2021126,2021,1,FLL,Florida,CAE,South Carolina,2.00
2021127,2021,1,CAE,South Carolina,FLL,Florida,1.00
2021127,2021,1,FLL,Florida,CAE,South Carolina,1.00
2021128,2021,1,CAE,South Carolina,FLL,Florida,1.00
2021128,2021,1,FLL,Florida,CAE,South Carolina,1.00
2021129,2021,1,CAE,South Carolina,FLL,Florida,1.00
2021129,2021,1,FLL,Florida,CAE,South Carolina,1.00
2021130,2021,1,CAE,South Carolina,FLL,Florida,1.00
2021130,2021,1,FLL,Florida,CAE,South Carolina,1.00
2021131,2021,1,CAE,South Carolina,FLL,Florida,1.00
2021131,2021,1,FLL,Florida,CAE,South Carolina,1.00
2021132,2021,1,CAE,South Carolina,FLL,Florida,2.00
2021132,2021,1,FLL,Florida,CAE,South Carolina,2.00
2021133,2021,1,CAE,South Carolina,FLL,Florida,1.00
2021133,2021,1,FLL,Florida,CAE,South Carolina,1.00
2021134,2021,1,CAE,South Carolina,FLL,Florida,2.00
2021134,2021,1,FLL,Florida,CAE,South Carolina,2.00
2021135,2021,1,CAE,South Carolina,FLL,Florida,1.00
2021135,2021,1,FLL,Florida,CAE,South Carolina,1.00
2021136,2021,1,CAE,South Carolina,MCO,Florida,2.00
2021137,2021,1,CAE,South Carolina,MCO,Florida,4.00
2021138,2021,1,CAE,South Carolina,MCO,Florida,1.00
2021139,2021,1,CAE,South Carolina,MCO,Florida,1.00
2021140,2021,1,CAE,South Carolina,MCO,Florida,1.00
2021141,2021,1,CAE,South Carolina,MCO,Florida,1.00
2021142,2021,1,CAE,South Carolina,MCO,Florida,1.00
2021143,2021,1,CAE,South Carolina,MCO,Florida,1.00
2021144,2021,1,CAE,South Carolina,MCO,Florida,1.00
2021144,2021,1,MCO,Florida,CAE,South Carolina,1.00
2021145,2021,1,CAE,South Carolina,MCO,Florida,4.00
2021145,2021,1,MCO,Florida,CAE,South Carolina,4.00
2021146,2021,1,CAE,South Carolina,MCO,Florida,1.00
2021146,2021,1,MCO,Florida,CAE,South Carolina,1.00
2021147,2021,1,CAE,South Carolina,MCO,Florida,1.00
2021147,2021,1,MCO,Florida,CAE,South Carolina,1.00
2021148,2021,1,CAE,South Carolina,MCO,Florida,3.00
2021148,2021,1,MCO,Florida,CAE,South Carolina,3.00
2021149,2021,1,CAE,South Carolina,MCO,Florida,3.00
2021149,2021,1,MCO,Florida,CAE,South Carolina,3.00
2021150,2021,1,CAE,South Carolina,MCO,Florida,1.00
2021150,2021,1,MCO,Florida,CAE,South Carolina,1.00
2021151,2021,1,CAE,South Carolina,MCO,Florida,1.00
2021151,2021,1,MCO,Florida,CAE,South Carolina,1.00
2021152,2021,1,CAE,South Carolina,MCO,Florida,1.00
2021152,2021,1,MCO,Florida,CAE,South Carolina,1.00
2021153,2021,1,CAE,South Carolina,MCO,Florida,1.00
2021153,2021,1,MCO,Florida,CAE,South Carolina,1.00
2021154,2021,1,CAE,South Carolina,MCO,Florida,1.00
2021154,2021,1,MCO,Florida,CAE,South Carolina,1.00
2021155,2021,1,CAE,South Carolina,LAX,California,1.00
2021156,2021,1,CAE,South Carolina,TPA,Florida,1.00
2021157,2021,1,CAE,South Carolina,TPA,Florida,1.00
2021158,2021,1,CAE,South Carolina,TPA,Florida,1.00
2021159,2021,1,CAE,South Carolina,TPA,Florida,1.00
2021160,2021,1,CAE,South Carolina,TPA,Florida,2.00
2021161,2021,1,CAE,South Carolina,TPA,Florida,4.00
2021162,2021,1,CAE,South Carolina,TPA,Florida,1.00
2021163,2021,1,CAE,South Carolina,TPA,Florida,1.00
2021164,2021,1,CAE,South Carolina,TPA,Florida,1.00
2021165,2021,1,CAE,South Carolina,TPA,Florida,2.00
2021165,2021,1,TPA,Florida,CAE,South Carolina,2.00
2021166,2021,1,CAE,South Carolina,TPA,Florida,1.00
2021166,2021,1,TPA,Florida,CAE,South Carolina,1.00
2021167,2021,1,CAE,South Carolina,TPA,Florida,2.00
2021167,2021,1,TPA,Florida,CAE,South Carolina,2.00
2021168,2021,1,CAE,South Carolina,TPA,Florida,1.00
2021168,2021,1,TPA,Florida,CAE,South Carolina,1.00
2021169,2021,1,CAE,South Carolina,TPA,Florida,1.00
2021169,2021,1,TPA,Florida,CAE,South Carolina,1.00
2021170,2021,1,CAE,South Carolina,TPA,Florida,1.00
2021170,2021,1,TPA,Florida,CAE,South Carolina,1.00
2021171,2021,1,CAE,South Carolina,IAH,Texas,1.00
2021172,2021,1,CAE,South Carolina,SEA,Washington,1.00
2021173,2021,1,CHS,South Carolina,FLL,Florida,4.00
2021174,2021,1,CHS,South Carolina,FLL,Florida,2.00
2021175,2021,1,CHS,South Carolina,FLL,Florida,3.00
2021176,2021,1,CHS,South Carolina,FLL,Florida,1.00
2021177,2021,1,CHS,South Carolina,FLL,Florida,2.00
2021178,2021,1,CHS,South Carolina,FLL,Florida,11.00
2021179,2021,1,CHS,South Carolina,FLL,Florida,2.00
2021180,2021,1,CHS,South Carolina,FLL,Florida,1.00
2021181,2021,1,CHS,South Carolina,FLL,Florida,3.00
2021182,2021,1,CHS,South Carolina,FLL,Florida,1.00
2021183,2021,1,CHS,South Carolina,FLL,Florida,2.00
2021184,2021,1,CHS,South Carolina,FLL,Florida,2.00
2021185,2021,1,CHS,South Carolina,FLL,Florida,1.00
2021186,2021,1,CHS,South Carolina,FLL,Florida,1.00
2021187,2021,1,CHS,South Carolina,FLL,Florida,9.00
2021188,2021,1,CHS,South Carolina,FLL,Florida,1.00
2021189,2021,1,CHS,South Carolina,FLL,Florida,1.00
2021190,2021,1,CHS,South Carolina,FLL,Florida,1.00
2021191,2021,1,CHS,South Carolina,FLL,Florida,1.00
2021192,2021,1,CHS,South Carolina,FLL,Florida,1.00
2021193,2021,1,CHS,South Carolina,FLL,Florida,1.00
2021194,2021,1,CHS,South Carolina,FLL,Florida,1.00
2021194,2021,1,FLL,Florida,CHS,South Carolina,1.00
2021195,2021,1,CHS,South Carolina,FLL,Florida,3.00
2021195,2021,1,FLL,Florida,CHS,South Carolina,3.00
2021196,2021,1,CHS,South Carolina,FLL,Florida,3.00
2021196,2021,1,FLL,Florida,CHS,South Carolina,3.00
2021197,2021,1,CHS,South Carolina,FLL,Florida,4.00
2021197,2021,1,FLL,Florida,CHS,South Carolina,4.00
2021198,2021,1,CHS,South Carolina,FLL,Florida,1.00
2021198,2021,1,FLL,Florida,CHS,South Carolina,1.00
2021199,2021,1,CHS,South Carolina,FLL,Florida,1.00
2021199,2021,1,FLL,Florida,CHS,South Carolina,1.00
20211100,2021,1,CHS,South Carolina,FLL,Florida,1.00
20211100,2021,1,FLL,Florida,CHS,South Carolina,1.00
20211101,2021,1,CHS,South Carolina,FLL,Florida,3.00
20211101,2021,1,FLL,Florida,CHS,South Carolina,3.00
20211102,2021,1,CHS,South Carolina,FLL,Florida,1.00
20211102,2021,1,FLL,Florida,CHS,South Carolina,1.00
20211103,2021,1,CHS,South Carolina,FLL,Florida,1.00
20211103,2021,1,FLL,Florida,CHS,South Carolina,1.00
20211104,2021,1,CHS,South Carolina,FLL,Florida,1.00
20211104,2021,1,FLL,Florida,CHS,South Carolina,1.00
20211105,2021,1,CHS,South Carolina,FLL,Florida,1.00
20211105,2021,1,FLL,Florida,CHS,South Carolina,1.00
20211106,2021,1,CHS,South Carolina,MCO,Florida,1.00
20211107,2021,1,CHS,South Carolina,MCO,Florida,1.00
20211108,2021,1,CHS,South Carolina,MCO,Florida,1.00
20211109,2021,1,CHS,South Carolina,MCO,Florida,3.00
20211110,2021,1,CHS,South Carolina,MCO,Florida,4.00
20211111,2021,1,CHS,South Carolina,MCO,Florida,1.00
20211112,2021,1,CHS,South Carolina,MCO,Florida,1.00
20211113,2021,1,CHS,South Carolina,MCO,Florida,6.00
20211114,2021,1,CHS,South Carolina,MCO,Florida,3.00
20211115,2021,1,CHS,South Carolina,MCO,Florida,1.00
20211116,2021,1,CHS,South Carolina,MCO,Florida,1.00
20211117,2021,1,CHS,South Carolina,MCO,Florida,6.00
20211118,2021,1,CHS,South Carolina,MCO,Florida,1.00
20211119,2021,1,CHS,South Carolina,MCO,Florida,1.00
20211120,2021,1,CHS,South Carolina,MCO,Florida,1.00
20211121,2021,1,CHS,South Carolina,BDL,Connecticut,1.00
20211122,2021,1,CHS,South Carolina,MCO,Florida,1.00
20211122,2021,1,MCO,Florida,CHS,South Carolina,1.00
20211123,2021,1,CHS,South Carolina,MCO,Florida,2.00
20211123,2021,1,MCO,Florida,CHS,South Carolina,2.00
20211124,2021,1,CHS,South Carolina,MCO,Florida,2.00
20211124,2021,1,MCO,Florida,CHS,South Carolina,2.00
20211125,2021,1,CHS,South Carolina,MCO,Florida,2.00
20211125,2021,1,MCO,Florida,CHS,South Carolina,2.00
20211126,2021,1,CHS,South Carolina,MCO,Florida,1.00
20211126,2021,1,MCO,Florida,CHS,South Carolina,1.00
20211127,2021,1,CHS,South Carolina,MCO,Florida,3.00
20211127,2021,1,MCO,Florida,CHS,South Carolina,3.00
20211128,2021,1,CHS,South Carolina,MCO,Florida,1.00
20211128,2021,1,MCO,Florida,CHS,South Carolina,1.00
20211129,2021,1,CHS,South Carolina,MCO,Florida,2.00
20211129,2021,1,MCO,Florida,CHS,South Carolina,2.00
20211130,2021,1,CHS,South Carolina,MCO,Florida,1.00
20211130,2021,1,MCO,Florida,CHS,South Carolina,1.00
20211131,2021,1,CHS,South Carolina,MCO,Florida,1.00
20211131,2021,1,MCO,Florida,CHS,South Carolina,1.00
20211132,2021,1,CHS,South Carolina,MCO,Florida,1.00
20211132,2021,1,MCO,Florida,CHS,South Carolina,1.00
20211133,2021,1,CHS,South Carolina,EYW,Florida,1.00
20211134,2021,1,CHS,South Carolina,EYW,Florida,1.00
20211135,2021,1,CHS,South Carolina,EYW,Florida,1.00
20211135,2021,1,EYW,Florida,MCO,Florida,1.00
20211136,2021,1,CHS,South Carolina,EYW,Florida,1.00
20211136,2021,1,EYW,Florida,CHS,South Carolina,1.00
20211137,2021,1,CHS,South Carolina,SJU,Puerto Rico,1.00
20211138,2021,1,CHS,South Carolina,TPA,Florida,1.00
20211139,2021,1,CHS,South Carolina,TPA,Florida,3.00
20211140,2021,1,CHS,South Carolina,TPA,Florida,3.00
20211141,2021,1,CHS,South Carolina,TPA,Florida,2.00
20211142,2021,1,CHS,South Carolina,TPA,Florida,9.00
20211143,2021,1,CHS,South Carolina,TPA,Florida,2.00
20211144,2021,1,CHS,South Carolina,TPA,Florida,2.00
20211145,2021,1,CHS,South Carolina,TPA,Florida,4.00
20211146,2021,1,CHS,South Carolina,TPA,Florida,3.00
20211147,2021,1,CHS,South Carolina,TPA,Florida,1.00
20211148,2021,1,CHS,South Carolina,TPA,Florida,2.00
20211149,2021,1,CHS,South Carolina,TPA,Florida,2.00
20211150,2021,1,CHS,South Carolina,TPA,Florida,2.00
20211151,2021,1,CHS,South Carolina,TPA,Florida,1.00
20211152,2021,1,CHS,South Carolina,TPA,Florida,5.00
20211152,2021,1,TPA,Florida,CHS,South Carolina,5.00
20211153,2021,1,CHS,South Carolina,TPA,Florida,2.00
20211153,2021,1,TPA,Florida,CHS,South Carolina,2.00
20211154,2021,1,CHS,South Carolina,TPA,Florida,1.00
20211154,2021,1,TPA,Florida,CHS,South Carolina,1.00
20211155,2021,1,CHS,South Carolina,TPA,Florida,3.00
20211155,2021,1,TPA,Florida,CHS,South Carolina,3.00
20211156,2021,1,CHS,South Carolina,TPA,Florida,1.00
20211156,2021,1,TPA,Florida,CHS,South Carolina,1.00
20211157,2021,1,CHS,South Carolina,TPA,Florida,1.00
20211157,2021,1,TPA,Florida,CHS,South Carolina,1.00
20211158,2021,1,CHS,South Carolina,TPA,Florida,1.00
20211158,2021,1,TPA,Florida,CHS,South Carolina,1.00
20211159,2021,1,CHS,South Carolina,TPA,Florida,1.00
20211159,2021,1,TPA,Florida,CHS,South Carolina,1.00
20211160,2021,1,CHS,South Carolina,TPA,Florida,3.00
20211160,2021,1,TPA,Florida,CHS,South Carolina,3.00
20211161,2021,1,CHS,South Carolina,TPA,Florida,1.00
20211161,2021,1,TPA,Florida,CHS,South Carolina,1.00
20211162,2021,1,CHS,South Carolina,TPA,Florida,1.00
20211162,2021,1,TPA,Florida,CHS,South Carolina,1.00
20211163,2021,1,CHS,South Carolina,TPA,Florida,1.00
20211163,2021,1,TPA,Florida,CHS,South Carolina,1.00
20211164,2021,1,CHS,South Carolina,TPA,Florida,1.00
20211164,2021,1,TPA,Florida,CHS,South Carolina,1.00
20211207,2021,1,EYW,Florida,FLL,Florida,3.00
20211208,2021,1,EYW,Florida,FLL,Florida,2.00
20211209,2021,1,EYW,Florida,FLL,Florida,1.00
20211210,2021,1,EYW,Florida,FLL,Florida,1.00
20211211,2021,1,EYW,Florida,FLL,Florida,2.00
20211212,2021,1,EYW,Florida,FLL,Florida,1.00
20211213,2021,1,EYW,Florida,FLL,Florida,1.00
20211214,2021,1,EYW,Florida,FLL,Florida,6.00
20211215,2021,1,EYW,Florida,FLL,Florida,3.00
20211216,2021,1,EYW,Florida,FLL,Florida,1.00
20211217,2021,1,EYW,Florida,FLL,Florida,1.00
20211218,2021,1,EYW,Florida,FLL,Florida,1.00
20211219,2021,1,EYW,Florida,FLL,Florida,5.00
20211220,2021,1,EYW,Florida,FLL,Florida,1.00
20211221,2021,1,EYW,Florida,FLL,Florida,5.00
20211222,2021,1,EYW,Florida,FLL,Florida,4.00
20211223,2021,1,EYW,Florida,FLL,Florida,8.00
20211224,2021,1,EYW,Florida,FLL,Florida,1.00
20211225,2021,1,EYW,Florida,FLL,Florida,1.00
20211226,2021,1,EYW,Florida,FLL,Florida,1.00
20211227,2021,1,EYW,Florida,FLL,Florida,1.00
20211228,2021,1,EYW,Florida,FLL,Florida,1.00
20211229,2021,1,EYW,Florida,FLL,Florida,2.00
20211230,2021,1,EYW,Florida,FLL,Florida,1.00
20211231,2021,1,EYW,Florida,FLL,Florida,1.00
20211232,2021,1,EYW,Florida,FLL,Florida,3.00
20211233,2021,1,EYW,Florida,FLL,Florida,1.00
20211234,2021,1,EYW,Florida,FLL,Florida,1.00
20211235,2021,1,EYW,Florida,FLL,Florida,1.00
20211236,2021,1,EYW,Florida,FLL,Florida,1.00
20211237,2021,1,EYW,Florida,FLL,Florida,1.00
20211238,2021,1,EYW,Florida,FLL,Florida,1.00
20211239,2021,1,EYW,Florida,FLL,Florida,3.00
20211240,2021,1,EYW,Florida,FLL,Florida,1.00
20211241,2021,1,EYW,Florida,FLL,Florida,1.00
20211242,2021,1,EYW,Florida,FLL,Florida,2.00
20211243,2021,1,EYW,Florida,FLL,Florida,1.00
20211244,2021,1,EYW,Florida,FLL,Florida,1.00
20211245,2021,1,EYW,Florida,FLL,Florida,1.00
20211246,2021,1,EYW,Florida,FLL,Florida,1.00
20211247,2021,1,EYW,Florida,FLL,Florida,1.00
20211248,2021,1,EYW,Florida,FLL,Florida,1.00
20211249,2021,1,EYW,Florida,FLL,Florida,1.00
20211250,2021,1,EYW,Florida,ATL,Georgia,1.00
20211251,2021,1,EYW,Florida,ATL,Georgia,1.00
20211252,2021,1,EYW,Florida,BDL,Connecticut,1.00
20211253,2021,1,EYW,Florida,BDL,Connecticut,1.00
20211254,2021,1,EYW,Florida,BDL,Connecticut,1.00
20211255,2021,1,EYW,Florida,BNA,Tennessee,1.00
20211256,2021,1,EYW,Florida,BNA,Tennessee,1.00
20211257,2021,1,EYW,Florida,BOS,Massachusetts,1.00
20211258,2021,1,EYW,Florida,BOS,Massachusetts,1.00
20211259,2021,1,EYW,Florida,BUF,New York,1.00
20211260,2021,1,EYW,Florida,BUF,New York,1.00
20211261,2021,1,EYW,Florida,CHS,South Carolina,1.00
20211262,2021,1,EYW,Florida,CLE,Ohio,1.00
20211263,2021,1,EYW,Florida,DEN,Colorado,1.00
20211264,2021,1,EYW,Florida,FCA,Montana,1.00
20211265,2021,1,EYW,Florida,GEG,Washington,1.00
20211266,2021,1,EYW,Florida,FLL,Florida,3.00
20211266,2021,1,FLL,Florida,EYW,Florida,3.00
20211267,2021,1,EYW,Florida,FLL,Florida,1.00
20211267,2021,1,FLL,Florida,EYW,Florida,1.00
20211268,2021,1,EYW,Florida,FLL,Florida,1.00
20211268,2021,1,FLL,Florida,EYW,Florida,1.00
20211269,2021,1,EYW,Florida,FLL,Florida,1.00
20211269,2021,1,FLL,Florida,EYW,Florida,1.00
20211270,2021,1,EYW,Florida,FLL,Florida,1.00
20211270,2021,1,FLL,Florida,EYW,Florida,1.00
20211271,2021,1,EYW,Florida,FLL,Florida,1.00
20211271,2021,1,FLL,Florida,EYW,Florida,1.00
20211272,2021,1,EYW,Florida,FLL,Florida,1.00
20211272,2021,1,FLL,Florida,EYW,Florida,1.00
20211273,2021,1,EYW,Florida,FLL,Florida,1.00
20211273,2021,1,FLL,Florida,EYW,Florida,1.00
20211274,2021,1,EYW,Florida,FLL,Florida,1.00
20211274,2021,1,FLL,Florida,EYW,Florida,1.00
20211275,2021,1,EYW,Florida,FLL,Florida,1.00
20211275,2021,1,FLL,Florida,EYW,Florida,1.00
20211276,2021,1,EYW,Florida,FLL,Florida,1.00
20211276,2021,1,FLL,Florida,EYW,Florida,1.00
20211277,2021,1,EYW,Florida,HPN,New York,1.00
20211278,2021,1,EYW,Florida,IAD,Virginia,1.00
20211279,2021,1,EYW,Florida,MDT,Pennsylvania,1.00
20211280,2021,1,EYW,Florida,ORF,Virginia,1.00
20211281,2021,1,EYW,Florida,ROC,New York,1.00
20211282,2021,1,EYW,Florida,SDF,Kentucky,1.00
20211283,2021,1,EYW,Florida,IAH,Texas,1.00
20211284,2021,1,EYW,Florida,IAH,Texas,1.00
20211285,2021,1,EYW,Florida,AMA,Texas,1.00
20211286,2021,1,EYW,Florida,JFK,New York,1.00
20211287,2021,1,EYW,Florida,LAX,California,1.00
20211288,2021,1,EYW,Florida,LGA,New York,1.00
20211289,2021,1,EYW,Florida,MSY,Louisiana,1.00
20211290,2021,1,EYW,Florida,ORD,Illinois,1.00
20211291,2021,1,EYW,Florida,ORD,Illinois,1.00
20211292,2021,1,EYW,Florida,ORD,Illinois,1.00
20211293,2021,1,EYW,Florida,ORD,Illinois,1.00
20211294,2021,1,EYW,Florida,ORD,Illinois,1.00
20211295,2021,1,EYW,Florida,ORD,Illinois,1.00
20211296,2021,1,EYW,Florida,ORD,Illinois,1.00
20211297,2021,1,EYW,Florida,ORD,Illinois,1.00
20211298,2021,1,EYW,Florida,ORD,Illinois,1.00
20211299,2021,1,EYW,Florida,ORD,Illinois,1.00
20211300,2021,1,EYW,Florida,ORD,Illinois,1.00
20211301,2021,1,EYW,Florida,DTW,Michigan,1.00
20211302,2021,1,EYW,Florida,MSN,Wisconsin,1.00
20211303,2021,1,EYW,Florida,PHX,Arizona,1.00
20211304,2021,1,EYW,Florida,PIT,Pennsylvania,1.00
20211305,2021,1,EYW,Florida,PIT,Pennsylvania,1.00
20211306,2021,1,EYW,Florida,RDU,North Carolina,1.00
20211307,2021,1,EYW,Florida,RDU,North Carolina,1.00
20211308,2021,1,EYW,Florida,RIC,Virginia,1.00
20211309,2021,1,EYW,Florida,RIC,Virginia,1.00
20211310,2021,1,EYW,Florida,RIC,Virginia,1.00
20211311,2021,1,EYW,Florida,RIC,Virginia,2.00
20211312,2021,1,EYW,Florida,RIC,Virginia,1.00
20211313,2021,1,EYW,Florida,RIC,Virginia,1.00
20211314,2021,1,EYW,Florida,SLC,Utah,1.00
20211315,2021,1,EYW,Florida,TPA,Florida,1.00
20211316,2021,1,EYW,Florida,TPA,Florida,1.00
20211317,2021,1,EYW,Florida,TPA,Florida,1.00
20211318,2021,1,EYW,Florida,TPA,Florida,1.00
20211319,2021,1,EYW,Florida,TPA,Florida,1.00
20211320,2021,1,EYW,Florida,MCO,Florida,1.00
20211321,2021,1,EYW,Florida,MCO,Florida,1.00
20211322,2021,1,EYW,Florida,MCO,Florida,1.00
20211323,2021,1,EYW,Florida,MCO,Florida,3.00
20211324,2021,1,EYW,Florida,MCO,Florida,1.00
20211325,2021,1,EYW,Florida,MCO,Florida,1.00
20211326,2021,1,EYW,Florida,MCO,Florida,10.00
20211327,2021,1,EYW,Florida,MCO,Florida,2.00
20211328,2021,1,EYW,Florida,MCO,Florida,3.00
20211329,2021,1,EYW,Florida,MCO,Florida,1.00
20211330,2021,1,EYW,Florida,MCO,Florida,2.00
20211331,2021,1,EYW,Florida,MCO,Florida,1.00
20211332,2021,1,EYW,Florida,MCO,Florida,5.00
20211333,2021,1,EYW,Florida,MCO,Florida,2.00
20211334,2021,1,EYW,Florida,MCO,Florida,1.00
20211335,2021,1,EYW,Florida,MCO,Florida,3.00
20211336,2021,1,EYW,Florida,MCO,Florida,1.00
20211337,2021,1,EYW,Florida,MCO,Florida,1.00
20211338,2021,1,EYW,Florida,MCO,Florida,8.00
20211339,2021,1,EYW,Florida,MCO,Florida,1.00
20211340,2021,1,EYW,Florida,MCO,Florida,1.00
20211341,2021,1,EYW,Florida,MCO,Florida,1.00
20211342,2021,1,EYW,Florida,MCO,Florida,2.00
20211343,2021,1,EYW,Florida,MCO,Florida,1.00
20211344,2021,1,EYW,Florida,MCO,Florida,1.00
20211345,2021,1,EYW,Florida,MCO,Florida,4.00
20211346,2021,1,EYW,Florida,MCO,Florida,1.00
20211347,2021,1,EYW,Florida,MCO,Florida,1.00
20211348,2021,1,EYW,Florida,MCO,Florida,1.00
20211349,2021,1,EYW,Florida,MCO,Florida,1.00
20211350,2021,1,EYW,Florida,MCO,Florida,1.00
20211351,2021,1,EYW,Florida,MCO,Florida,1.00
20211352,2021,1,EYW,Florida,MCO,Florida,3.00
20211353,2021,1,EYW,Florida,MCO,Florida,1.00
20211354,2021,1,EYW,Florida,MCO,Florida,1.00
20211355,2021,1,EYW,Florida,MCO,Florida,1.00
20211356,2021,1,EYW,Florida,MCO,Florida,2.00
20211357,2021,1,EYW,Florida,MCO,Florida,5.00
20211358,2021,1,EYW,Florida,MCO,Florida,1.00
20211359,2021,1,EYW,Florida,MCO,Florida,2.00
20211360,2021,1,EYW,Florida,MCO,Florida,3.00
20211361,2021,1,EYW,Florida,MCO,Florida,3.00
20211362,2021,1,EYW,Florida,MCO,Florida,1.00
20211363,2021,1,EYW,Florida,MCO,Florida,1.00
20211364,2021,1,EYW,Florida,MCO,Florida,1.00
20211365,2021,1,EYW,Florida,MCO,Florida,1.00
20211366,2021,1,EYW,Florida,AUS,Texas,1.00
20211367,2021,1,EYW,Florida,AUS,Texas,1.00
20211368,2021,1,EYW,Florida,AUS,Texas,1.00
20211369,2021,1,EYW,Florida,BDL,Connecticut,1.00
20211370,2021,1,EYW,Florida,BOS,Massachusetts,1.00
20211371,2021,1,EYW,Florida,BOS,Massachusetts,1.00
20211372,2021,1,EYW,Florida,BUF,New York,1.00
20211373,2021,1,EYW,Florida,CAE,South Carolina,1.00
20211374,2021,1,EYW,Florida,CAE,South Carolina,1.00
20211375,2021,1,EYW,Florida,CLE,Ohio,1.00
20211376,2021,1,EYW,Florida,CLE,Ohio,1.00
20211377,2021,1,EYW,Florida,CLE,Ohio,1.00
20211378,2021,1,EYW,Florida,CLE,Ohio,1.00
20211379,2021,1,EYW,Florida,CLE,Ohio,1.00
20211380,2021,1,EYW,Florida,CLE,Ohio,1.00
20211381,2021,1,EYW,Florida,CLE,Ohio,1.00
20211382,2021,1,EYW,Florida,CLE,Ohio,1.00
20211383,2021,1,EYW,Florida,DCA,Virginia,1.00
20211384,2021,1,EYW,Florida,DEN,Colorado,1.00
20211385,2021,1,EYW,Florida,DEN,Colorado,1.00
20211386,2021,1,EYW,Florida,DEN,Colorado,1.00
20211387,2021,1,EYW,Florida,DEN,Colorado,1.00
20211388,2021,1,EYW,Florida,BIL,Montana,1.00
20211389,2021,1,EYW,Florida,RNO,Nevada,1.00
20211390,2021,1,EYW,Florida,EWR,New Jersey,1.00
20211391,2021,1,EYW,Florida,EWR,New Jersey,1.00
20211392,2021,1,EYW,Florida,EWR,New Jersey,1.00
20211393,2021,1,EYW,Florida,EWR,New Jersey,1.00
20211394,2021,1,EYW,Florida,EWR,New Jersey,1.00
20211395,2021,1,EYW,Florida,EWR,New Jersey,1.00
20211396,2021,1,EYW,Florida,MCO,Florida,1.00
20211396,2021,1,MCO,Florida,EYW,Florida,1.00
20211397,2021,1,EYW,Florida,MCO,Florida,2.00
20211397,2021,1,MCO,Florida,EYW,Florida,2.00
20211398,2021,1,EYW,Florida,MCO,Florida,1.00
20211398,2021,1,MCO,Florida,EYW,Florida,1.00
20211399,2021,1,EYW,Florida,MCO,Florida,1.00
20211399,2021,1,MCO,Florida,EYW,Florida,1.00
20211400,2021,1,EYW,Florida,MCO,Florida,1.00
20211400,2021,1,MCO,Florida,EYW,Florida,1.00
20211401,2021,1,EYW,Florida,MCO,Florida,6.00
20211401,2021,1,MCO,Florida,EYW,Florida,6.00
20211402,2021,1,EYW,Florida,MCO,Florida,2.00
20211402,2021,1,MCO,Florida,EYW,Florida,2.00
20211403,2021,1,EYW,Florida,MCO,Florida,2.00
20211403,2021,1,MCO,Florida,EYW,Florida,2.00
20211404,2021,1,EYW,Florida,MCO,Florida,1.00
20211404,2021,1,MCO,Florida,EYW,Florida,1.00
20211405,2021,1,EYW,Florida,MCO,Florida,1.00
20211405,2021,1,MCO,Florida,EYW,Florida,1.00
20211406,2021,1,EYW,Florida,MCO,Florida,1.00
20211406,2021,1,MCO,Florida,EYW,Florida,1.00
20211407,2021,1,EYW,Florida,MCO,Florida,1.00
20211407,2021,1,MCO,Florida,EYW,Florida,1.00
20211408,2021,1,EYW,Florida,MCO,Florida,1.00
20211408,2021,1,MCO,Florida,EYW,Florida,1.00
20211409,2021,1,EYW,Florida,MCO,Florida,1.00
20211409,2021,1,MCO,Florida,EYW,Florida,1.00
20211410,2021,1,EYW,Florida,MCO,Florida,1.00
20211410,2021,1,MCO,Florida,EYW,Florida,1.00
20211411,2021,1,EYW,Florida,MCO,Florida,1.00
20211411,2021,1,MCO,Florida,EYW,Florida,1.00
20211412,2021,1,EYW,Florida,IAD,Virginia,1.00
20211413,2021,1,EYW,Florida,IAD,Virginia,1.00
20211414,2021,1,EYW,Florida,IAD,Virginia,1.00
20211415,2021,1,EYW,Florida,IAD,Virginia,1.00
20211416,2021,1,EYW,Florida,IAD,Virginia,1.00
20211417,2021,1,EYW,Florida,BGR,Maine,1.00
20211418,2021,1,EYW,Florida,SDF,Kentucky,1.00
20211419,2021,1,EYW,Florida,STL,Missouri,1.00
20211420,2021,1,EYW,Florida,IAH,Texas,1.00
20211421,2021,1,EYW,Florida,IAH,Texas,1.00
20211422,2021,1,EYW,Florida,SAT,Texas,1.00
20211423,2021,1,EYW,Florida,JFK,New York,1.00
20211424,2021,1,EYW,Florida,JFK,New York,1.00
20211425,2021,1,EYW,Florida,LGA,New York,1.00
20211426,2021,1,EYW,Florida,ORD,Illinois,1.00
20211427,2021,1,EYW,Florida,ATW,Wisconsin,1.00
20211428,2021,1,EYW,Florida,PHL,Pennsylvania,1.00
20211429,2021,1,EYW,Florida,PNS,Florida,1.00
20211430,2021,1,EYW,Florida,PNS,Florida,1.00
20211431,2021,1,EYW,Florida,PVD,Rhode Island,1.00
20211432,2021,1,EYW,Florida,RDU,North Carolina,1.00
20211433,2021,1,EYW,Florida,RDU,North Carolina,1.00
20211434,2021,1,EYW,Florida,SAN,California,2.00
20211435,2021,1,EYW,Florida,PDX,Oregon,1.00
20211436,2021,1,EYW,Florida,MCO,Florida,1.00
20211436,2021,1,MCO,Florida,EYW,Florida,1.00
20211437,2021,1,EYW,Florida,TPA,Florida,2.00
20211438,2021,1,EYW,Florida,TPA,Florida,1.00
20211439,2021,1,EYW,Florida,TPA,Florida,1.00
20211440,2021,1,EYW,Florida,TPA,Florida,1.00
20211441,2021,1,EYW,Florida,TPA,Florida,2.00
20211442,2021,1,EYW,Florida,TPA,Florida,1.00
20211443,2021,1,EYW,Florida,TPA,Florida,14.00
20211444,2021,1,EYW,Florida,TPA,Florida,2.00
20211445,2021,1,EYW,Florida,TPA,Florida,2.00
20211446,2021,1,EYW,Florida,TPA,Florida,2.00
20211447,2021,1,EYW,Florida,TPA,Florida,1.00
20211448,2021,1,EYW,Florida,TPA,Florida,2.00
20211449,2021,1,EYW,Florida,TPA,Florida,2.00
20211450,2021,1,EYW,Florida,TPA,Florida,7.00
20211451,2021,1,EYW,Florida,TPA,Florida,1.00
20211452,2021,1,EYW,Florida,TPA,Florida,1.00
20211453,2021,1,EYW,Florida,TPA,Florida,2.00
20211454,2021,1,EYW,Florida,TPA,Florida,1.00
20211455,2021,1,EYW,Florida,TPA,Florida,1.00
20211456,2021,1,EYW,Florida,TPA,Florida,2.00
20211457,2021,1,EYW,Florida,TPA,Florida,6.00
20211458,2021,1,EYW,Florida,TPA,Florida,3.00
20211459,2021,1,EYW,Florida,TPA,Florida,1.00
20211460,2021,1,EYW,Florida,TPA,Florida,1.00
20211461,2021,1,EYW,Florida,TPA,Florida,1.00
20211462,2021,1,EYW,Florida,TPA,Florida,2.00
20211463,2021,1,EYW,Florida,TPA,Florida,2.00
20211464,2021,1,EYW,Florida,TPA,Florida,1.00
20211465,2021,1,EYW,Florida,TPA,Florida,1.00
20211466,2021,1,EYW,Florida,TPA,Florida,1.00
20211467,2021,1,EYW,Florida,TPA,Florida,2.00
20211468,2021,1,EYW,Florida,TPA,Florida,2.00
20211469,2021,1,EYW,Florida,TPA,Florida,1.00
20211470,2021,1,EYW,Florida,TPA,Florida,1.00
20211471,2021,1,EYW,Florida,TPA,Florida,1.00
20211472,2021,1,EYW,Florida,TPA,Florida,1.00
20211473,2021,1,EYW,Florida,TPA,Florida,5.00
20211474,2021,1,EYW,Florida,TPA,Florida,1.00
20211475,2021,1,EYW,Florida,TPA,Florida,1.00
20211476,2021,1,EYW,Florida,TPA,Florida,2.00
20211477,2021,1,EYW,Florida,TPA,Florida,4.00
20211478,2021,1,EYW,Florida,TPA,Florida,1.00
20211479,2021,1,EYW,Florida,TPA,Florida,1.00
20211480,2021,1,EYW,Florida,TPA,Florida,1.00
20211481,2021,1,EYW,Florida,TPA,Florida,8.00
20211482,2021,1,EYW,Florida,TPA,Florida,1.00
20211483,2021,1,EYW,Florida,TPA,Florida,2.00
20211484,2021,1,EYW,Florida,TPA,Florida,1.00
20211485,2021,1,EYW,Florida,TPA,Florida,4.00
20211486,2021,1,EYW,Florida,TPA,Florida,1.00
20211487,2021,1,EYW,Florida,TPA,Florida,1.00
20211488,2021,1,EYW,Florida,TPA,Florida,2.00
20211489,2021,1,EYW,Florida,TPA,Florida,1.00
20211490,2021,1,EYW,Florida,TPA,Florida,1.00
20211491,2021,1,EYW,Florida,TPA,Florida,1.00
20211492,2021,1,EYW,Florida,TPA,Florida,1.00
20211493,2021,1,EYW,Florida,TPA,Florida,1.00
20211494,2021,1,EYW,Florida,TPA,Florida,1.00
20211495,2021,1,EYW,Florida,TPA,Florida,2.00
20211496,2021,1,EYW,Florida,TPA,Florida,1.00
20211497,2021,1,EYW,Florida,SDF,Kentucky,1.00
20211498,2021,1,EYW,Florida,BDL,Connecticut,1.00
20211499,2021,1,EYW,Florida,BOS,Massachusetts,1.00
20211500,2021,1,EYW,Florida,BOS,Massachusetts,1.00
20211501,2021,1,EYW,Florida,BOS,Massachusetts,1.00
20211502,2021,1,EYW,Florida,DEN,Colorado,1.00
20211503,2021,1,EYW,Florida,BIL,Montana,1.00
20211504,2021,1,EYW,Florida,BZN,Montana,1.00
20211505,2021,1,EYW,Florida,COD,Wyoming,2.00
20211506,2021,1,EYW,Florida,EWR,New Jersey,1.00
20211507,2021,1,EYW,Florida,EWR,New Jersey,1.00
20211508,2021,1,EYW,Florida,EWR,New Jersey,1.00
20211509,2021,1,EYW,Florida,EWR,New Jersey,1.00
20211510,2021,1,EYW,Florida,EWR,New Jersey,1.00
20211511,2021,1,EYW,Florida,EWR,New Jersey,1.00
20211512,2021,1,EYW,Florida,EWR,New Jersey,1.00
20211513,2021,1,EYW,Florida,TPA,Florida,1.00
20211513,2021,1,TPA,Florida,EYW,Florida,1.00
20211514,2021,1,EYW,Florida,TPA,Florida,1.00
20211514,2021,1,TPA,Florida,EYW,Florida,1.00
20211515,2021,1,EYW,Florida,TPA,Florida,2.00
20211515,2021,1,TPA,Florida,EYW,Florida,2.00
20211516,2021,1,EYW,Florida,TPA,Florida,1.00
20211516,2021,1,TPA,Florida,EYW,Florida,1.00
20211517,2021,1,EYW,Florida,TPA,Florida,2.00
20211517,2021,1,TPA,Florida,EYW,Florida,2.00
20211518,2021,1,EYW,Florida,TPA,Florida,2.00
20211518,2021,1,TPA,Florida,EYW,Florida,2.00
20211519,2021,1,EYW,Florida,TPA,Florida,1.00
20211519,2021,1,TPA,Florida,EYW,Florida,1.00
20211520,2021,1,EYW,Florida,TPA,Florida,1.00
20211520,2021,1,TPA,Florida,EYW,Florida,1.00
20211521,2021,1,EYW,Florida,TPA,Florida,1.00
20211521,2021,1,TPA,Florida,EYW,Florida,1.00
20211522,2021,1,EYW,Florida,TPA,Florida,2.00
20211522,2021,1,TPA,Florida,EYW,Florida,2.00
20211523,2021,1,EYW,Florida,TPA,Florida,1.00
20211523,2021,1,TPA,Florida,EYW,Florida,1.00
20211524,2021,1,EYW,Florida,TPA,Florida,1.00
20211524,2021,1,TPA,Florida,EYW,Florida,1.00
20211525,2021,1,EYW,Florida,TPA,Florida,1.00
20211525,2021,1,TPA,Florida,EYW,Florida,1.00
20211526,2021,1,EYW,Florida,TPA,Florida,1.00
20211526,2021,1,TPA,Florida,EYW,Florida,1.00
20211527,2021,1,EYW,Florida,TPA,Florida,1.00
20211527,2021,1,TPA,Florida,EYW,Florida,1.00
20211528,2021,1,EYW,Florida,IAH,Texas,1.00
20211529,2021,1,EYW,Florida,LRD,Texas,1.00
20211530,2021,1,EYW,Florida,JAX,Florida,1.00
20211531,2021,1,EYW,Florida,JFK,New York,1.00
20211532,2021,1,EYW,Florida,ORD,Illinois,1.00
20211533,2021,1,EYW,Florida,COS,Colorado,1.00
20211534,2021,1,EYW,Florida,SPI,Illinois,1.00
20211535,2021,1,EYW,Florida,PHL,Pennsylvania,1.00
20211536,2021,1,EYW,Florida,PHL,Pennsylvania,1.00
20211537,2021,1,EYW,Florida,PHL,Pennsylvania,1.00
20211538,2021,1,EYW,Florida,PHL,Pennsylvania,1.00
20211539,2021,1,EYW,Florida,PHL,Pennsylvania,1.00
20211540,2021,1,EYW,Florida,PHL,Pennsylvania,1.00
20211541,2021,1,EYW,Florida,PHL,Pennsylvania,1.00
20211542,2021,1,EYW,Florida,PHL,Pennsylvania,1.00
20211543,2021,1,EYW,Florida,PNS,Florida,1.00
20211544,2021,1,EYW,Florida,PNS,Florida,1.00
20211544,2021,1,PNS,Florida,EYW,Florida,1.00
20211545,2021,1,EYW,Florida,MSO,Montana,1.00
20211546,2021,1,EYW,Florida,PDX,Oregon,1.00
20211587,2021,1,FLL,Florida,CAE,South Carolina,1.00
20211588,2021,1,FLL,Florida,CAE,South Carolina,4.00
20211589,2021,1,FLL,Florida,CAE,South Carolina,1.00
20211590,2021,1,FLL,Florida,CAE,South Carolina,1.00
20211591,2021,1,FLL,Florida,CAE,South Carolina,3.00
20211592,2021,1,FLL,Florida,CAE,South Carolina,2.00
20211593,2021,1,FLL,Florida,CAE,South Carolina,1.00
20211594,2021,1,FLL,Florida,CAE,South Carolina,7.00
20211595,2021,1,FLL,Florida,CAE,South Carolina,1.00
20211596,2021,1,FLL,Florida,CAE,South Carolina,2.00
20211597,2021,1,FLL,Florida,CAE,South Carolina,3.00
20211598,2021,1,FLL,Florida,CAE,South Carolina,1.00
20211599,2021,1,FLL,Florida,CAE,South Carolina,4.00
20211600,2021,1,FLL,Florida,CAE,South Carolina,1.00
20211601,2021,1,FLL,Florida,CAE,South Carolina,1.00
20211602,2021,1,FLL,Florida,CAE,South Carolina,1.00
20211603,2021,1,FLL,Florida,CAE,South Carolina,1.00
20211603,2021,1,CAE,South Carolina,FLL,Florida,1.00
20211604,2021,1,FLL,Florida,CAE,South Carolina,2.00
20211604,2021,1,CAE,South Carolina,FLL,Florida,2.00
20211605,2021,1,FLL,Florida,CAE,South Carolina,1.00
20211605,2021,1,CAE,South Carolina,FLL,Florida,1.00
20211606,2021,1,FLL,Florida,CHS,South Carolina,2.00
20211607,2021,1,FLL,Florida,CHS,South Carolina,5.00
20211608,2021,1,FLL,Florida,CHS,South Carolina,3.00
20211609,2021,1,FLL,Florida,CHS,South Carolina,3.00
20211610,2021,1,FLL,Florida,CHS,South Carolina,1.00
20211611,2021,1,FLL,Florida,CHS,South Carolina,1.00
20211612,2021,1,FLL,Florida,CHS,South Carolina,7.00
20211613,2021,1,FLL,Florida,CHS,South Carolina,1.00
20211614,2021,1,FLL,Florida,CHS,South Carolina,5.00
20211615,2021,1,FLL,Florida,CHS,South Carolina,2.00
20211616,2021,1,FLL,Florida,CHS,South Carolina,1.00
20211617,2021,1,FLL,Florida,CHS,South Carolina,1.00
20211618,2021,1,FLL,Florida,CHS,South Carolina,7.00
20211619,2021,1,FLL,Florida,CHS,South Carolina,1.00
20211620,2021,1,FLL,Florida,CHS,South Carolina,9.00
20211621,2021,1,FLL,Florida,CHS,South Carolina,1.00
20211622,2021,1,FLL,Florida,CHS,South Carolina,1.00
20211623,2021,1,FLL,Florida,CHS,South Carolina,1.00
20211624,2021,1,FLL,Florida,CHS,South Carolina,1.00
20211625,2021,1,FLL,Florida,CHS,South Carolina,1.00
20211626,2021,1,FLL,Florida,CHS,South Carolina,1.00
20211626,2021,1,CHS,South Carolina,FLL,Florida,1.00
20211627,2021,1,FLL,Florida,CHS,South Carolina,1.00
20211627,2021,1,CHS,South Carolina,FLL,Florida,1.00
20211628,2021,1,FLL,Florida,CHS,South Carolina,2.00
20211628,2021,1,CHS,South Carolina,FLL,Florida,2.00
20211629,2021,1,FLL,Florida,CHS,South Carolina,1.00
20211629,2021,1,CHS,South Carolina,FLL,Florida,1.00
20211630,2021,1,FLL,Florida,CHS,South Carolina,2.00
20211630,2021,1,CHS,South Carolina,FLL,Florida,2.00
20211631,2021,1,FLL,Florida,CHS,South Carolina,2.00
20211631,2021,1,CHS,South Carolina,FLL,Florida,2.00
20211632,2021,1,FLL,Florida,CHS,South Carolina,2.00
20211632,2021,1,CHS,South Carolina,FLL,Florida,2.00
20211633,2021,1,FLL,Florida,CHS,South Carolina,1.00
20211633,2021,1,CHS,South Carolina,FLL,Florida,1.00
20211634,2021,1,FLL,Florida,IAH,Texas,1.00
20211635,2021,1,FLL,Florida,ORD,Illinois,1.00
20211678,2021,1,FLL,Florida,EYW,Florida,2.00
20211679,2021,1,FLL,Florida,EYW,Florida,1.00
20211680,2021,1,FLL,Florida,EYW,Florida,1.00
20211681,2021,1,FLL,Florida,EYW,Florida,1.00
20211682,2021,1,FLL,Florida,EYW,Florida,4.00
20211683,2021,1,FLL,Florida,EYW,Florida,1.00
20211684,2021,1,FLL,Florida,EYW,Florida,3.00
20211685,2021,1,FLL,Florida,EYW,Florida,2.00
20211686,2021,1,FLL,Florida,EYW,Florida,1.00
20211687,2021,1,FLL,Florida,EYW,Florida,6.00
20211688,2021,1,FLL,Florida,EYW,Florida,3.00
20211689,2021,1,FLL,Florida,EYW,Florida,4.00
20211690,2021,1,FLL,Florida,EYW,Florida,6.00
20211691,2021,1,FLL,Florida,EYW,Florida,7.00
20211692,2021,1,FLL,Florida,EYW,Florida,1.00
20211693,2021,1,FLL,Florida,EYW,Florida,1.00
20211694,2021,1,FLL,Florida,EYW,Florida,1.00
20211695,2021,1,FLL,Florida,EYW,Florida,1.00
20211696,2021,1,FLL,Florida,EYW,Florida,1.00
20211697,2021,1,FLL,Florida,EYW,Florida,1.00
20211698,2021,1,FLL,Florida,EYW,Florida,1.00
20211699,2021,1,FLL,Florida,EYW,Florida,1.00
20211700,2021,1,FLL,Florida,EYW,Florida,1.00
20211701,2021,1,FLL,Florida,EYW,Florida,1.00
20211702,2021,1,FLL,Florida,EYW,Florida,2.00
20211703,2021,1,FLL,Florida,EYW,Florida,2.00
20211704,2021,1,FLL,Florida,EYW,Florida,1.00
20211705,2021,1,FLL,Florida,EYW,Florida,1.00
20211706,2021,1,FLL,Florida,EYW,Florida,4.00
20211707,2021,1,FLL,Florida,EYW,Florida,3.00
20211708,2021,1,FLL,Florida,EYW,Florida,2.00
20211709,2021,1,FLL,Florida,EYW,Florida,1.00
20211710,2021,1,FLL,Florida,EYW,Florida,1.00
20211711,2021,1,FLL,Florida,EYW,Florida,1.00
20211712,2021,1,FLL,Florida,EYW,Florida,1.00
20211713,2021,1,FLL,Florida,EYW,Florida,1.00
20211714,2021,1,FLL,Florida,EWR,New Jersey,1.00
20211715,2021,1,FLL,Florida,EYW,Florida,1.00
20211715,2021,1,EYW,Florida,FLL,Florida,1.00
20211716,2021,1,FLL,Florida,EYW,Florida,2.00
20211716,2021,1,EYW,Florida,FLL,Florida,2.00
20211717,2021,1,FLL,Florida,EYW,Florida,2.00
20211717,2021,1,EYW,Florida,FLL,Florida,2.00
20211718,2021,1,FLL,Florida,EYW,Florida,1.00
20211718,2021,1,EYW,Florida,FLL,Florida,1.00
20211719,2021,1,FLL,Florida,EYW,Florida,1.00
20211719,2021,1,EYW,Florida,FLL,Florida,1.00
20211720,2021,1,FLL,Florida,EYW,Florida,1.00
20211720,2021,1,EYW,Florida,FLL,Florida,1.00
20211721,2021,1,FLL,Florida,EYW,Florida,5.00
20211721,2021,1,EYW,Florida,FLL,Florida,5.00
20211722,2021,1,FLL,Florida,EYW,Florida,2.00
20211722,2021,1,EYW,Florida,FLL,Florida,2.00
20211723,2021,1,FLL,Florida,EYW,Florida,1.00
20211723,2021,1,EYW,Florida,FLL,Florida,1.00
20211724,2021,1,FLL,Florida,EYW,Florida,1.00
20211724,2021,1,EYW,Florida,FLL,Florida,1.00
20211725,2021,1,FLL,Florida,EYW,Florida,1.00
20211725,2021,1,EYW,Florida,FLL,Florida,1.00
20211726,2021,1,FLL,Florida,EYW,Florida,1.00
20211726,2021,1,EYW,Florida,FLL,Florida,1.00
20211727,2021,1,FLL,Florida,EYW,Florida,3.00
20211727,2021,1,EYW,Florida,FLL,Florida,3.00
20211728,2021,1,FLL,Florida,EYW,Florida,1.00
20211728,2021,1,EYW,Florida,FLL,Florida,1.00
20211729,2021,1,FLL,Florida,EYW,Florida,1.00
20211729,2021,1,EYW,Florida,FLL,Florida,1.00
20211730,2021,1,FLL,Florida,EYW,Florida,1.00
20211730,2021,1,EYW,Florida,FLL,Florida,1.00
20211731,2021,1,FLL,Florida,EYW,Florida,4.00
20211731,2021,1,EYW,Florida,FLL,Florida,4.00
20211732,2021,1,FLL,Florida,EYW,Florida,2.00
20211732,2021,1,EYW,Florida,FLL,Florida,2.00
20211733,2021,1,FLL,Florida,EYW,Florida,1.00
20211733,2021,1,EYW,Florida,FLL,Florida,1.00
20211734,2021,1,FLL,Florida,EYW,Florida,1.00
20211734,2021,1,EYW,Florida,FLL,Florida,1.00
20211735,2021,1,FLL,Florida,EYW,Florida,1.00
20211735,2021,1,EYW,Florida,FLL,Florida,1.00
20211736,2021,1,FLL,Florida,EYW,Florida,1.00
20211736,2021,1,EYW,Florida,FLL,Florida,1.00
20211737,2021,1,FLL,Florida,EYW,Florida,5.00
20211737,2021,1,EYW,Florida,FLL,Florida,5.00
20211738,2021,1,FLL,Florida,EYW,Florida,1.00
20211738,2021,1,EYW,Florida,FLL,Florida,1.00
20211739,2021,1,FLL,Florida,EYW,Florida,1.00
20211739,2021,1,EYW,Florida,FLL,Florida,1.00
20211740,2021,1,FLL,Florida,EYW,Florida,1.00
20211740,2021,1,EYW,Florida,FLL,Florida,1.00
20211741,2021,1,FLL,Florida,EYW,Florida,1.00
20211741,2021,1,EYW,Florida,FLL,Florida,1.00
20211742,2021,1,FLL,Florida,EYW,Florida,1.00
20211742,2021,1,EYW,Florida,FLL,Florida,1.00
20211743,2021,1,FLL,Florida,EYW,Florida,3.00
20211743,2021,1,EYW,Florida,FLL,Florida,3.00
20211744,2021,1,FLL,Florida,EYW,Florida,1.00
20211744,2021,1,EYW,Florida,FLL,Florida,1.00
20211745,2021,1,FLL,Florida,EYW,Florida,1.00
20211745,2021,1,EYW,Florida,FLL,Florida,1.00
20211746,2021,1,FLL,Florida,EYW,Florida,1.00
20211746,2021,1,EYW,Florida,FLL,Florida,1.00
20211747,2021,1,FLL,Florida,EYW,Florida,1.00
20211747,2021,1,EYW,Florida,FLL,Florida,1.00
20211748,2021,1,FLL,Florida,EYW,Florida,2.00
20211748,2021,1,EYW,Florida,FLL,Florida,2.00
20211749,2021,1,FLL,Florida,EYW,Florida,1.00
20211749,2021,1,EYW,Florida,FLL,Florida,1.00
20211750,2021,1,FLL,Florida,EYW,Florida,1.00
20211750,2021,1,EYW,Florida,FLL,Florida,1.00
20211751,2021,1,FLL,Florida,EYW,Florida,1.00
20211751,2021,1,EYW,Florida,FLL,Florida,1.00
20211752,2021,1,FLL,Florida,EYW,Florida,1.00
20211752,2021,1,EYW,Florida,FLL,Florida,1.00
20211753,2021,1,FLL,Florida,EYW,Florida,1.00
20211753,2021,1,EYW,Florida,FLL,Florida,1.00
20211753,2021,1,FLL,Florida,CLE,Ohio,1.00
20211795,2021,1,FLL,Florida,HSV,Alabama,1.00
20211796,2021,1,FLL,Florida,JAX,Florida,2.00
20211797,2021,1,FLL,Florida,JAX,Florida,2.00
20211798,2021,1,FLL,Florida,JAX,Florida,2.00
20211799,2021,1,FLL,Florida,JAX,Florida,3.00
20211800,2021,1,FLL,Florida,JAX,Florida,3.00
20211801,2021,1,FLL,Florida,JAX,Florida,1.00
20211802,2021,1,FLL,Florida,JAX,Florida,1.00
20211803,2021,1,FLL,Florida,JAX,Florida,1.00
20211804,2021,1,FLL,Florida,JAX,Florida,14.00
20211805,2021,1,FLL,Florida,JAX,Florida,1.00
20211806,2021,1,FLL,Florida,JAX,Florida,2.00
20211807,2021,1,FLL,Florida,JAX,Florida,1.00
20211808,2021,1,FLL,Florida,JAX,Florida,3.00
20211809,2021,1,FLL,Florida,JAX,Florida,1.00
20211810,2021,1,FLL,Florida,JAX,Florida,1.00
20211811,2021,1,FLL,Florida,JAX,Florida,4.00
20211812,2021,1,FLL,Florida,EWR,New Jersey,1.00
20211813,2021,1,FLL,Florida,DTW,Michigan,1.00
20211814,2021,1,FLL,Florida,JAX,Florida,1.00
20211814,2021,1,JAX,Florida,FLL,Florida,1.00
20211815,2021,1,FLL,Florida,JAX,Florida,1.00
20211815,2021,1,JAX,Florida,FLL,Florida,1.00
20211816,2021,1,FLL,Florida,JAX,Florida,1.00
20211816,2021,1,JAX,Florida,FLL,Florida,1.00
20211817,2021,1,FLL,Florida,JAX,Florida,1.00
20211817,2021,1,JAX,Florida,FLL,Florida,1.00
20211818,2021,1,FLL,Florida,JAX,Florida,1.00
20211818,2021,1,JAX,Florida,FLL,Florida,1.00
20211819,2021,1,FLL,Florida,JAX,Florida,1.00
20211819,2021,1,JAX,Florida,FLL,Florida,1.00
20211820,2021,1,FLL,Florida,JAX,Florida,1.00
20211820,2021,1,JAX,Florida,FLL,Florida,1.00
20211821,2021,1,FLL,Florida,JAX,Florida,4.00
20211821,2021,1,JAX,Florida,FLL,Florida,4.00
20211822,2021,1,FLL,Florida,JAX,Florida,1.00
20211822,2021,1,JAX,Florida,FLL,Florida,1.00
20211823,2021,1,FLL,Florida,JAX,Florida,1.00
20211823,2021,1,JAX,Florida,FLL,Florida,1.00
20211824,2021,1,FLL,Florida,MCO,Florida,1.00
20211825,2021,1,FLL,Florida,MCO,Florida,1.00
20211826,2021,1,FLL,Florida,MCO,Florida,2.00
20211827,2021,1,FLL,Florida,MCO,Florida,3.00
20211828,2021,1,FLL,Florida,MCO,Florida,2.00
20211829,2021,1,FLL,Florida,MCO,Florida,3.00
20211830,2021,1,FLL,Florida,MCO,Florida,3.00
20211831,2021,1,FLL,Florida,MCO,Florida,1.00
20211832,2021,1,FLL,Florida,MCO,Florida,4.00
20211833,2021,1,FLL,Florida,MCO,Florida,1.00
20211834,2021,1,FLL,Florida,MCO,Florida,8.00
20211835,2021,1,FLL,Florida,MCO,Florida,1.00
20211836,2021,1,FLL,Florida,MCO,Florida,4.00
20211837,2021,1,FLL,Florida,MCO,Florida,1.00
20211838,2021,1,FLL,Florida,MCO,Florida,2.00
20211839,2021,1,FLL,Florida,MCO,Florida,1.00
20211840,2021,1,FLL,Florida,MCO,Florida,2.00
20211841,2021,1,FLL,Florida,MCO,Florida,3.00
20211842,2021,1,FLL,Florida,MCO,Florida,2.00
20211843,2021,1,FLL,Florida,MCO,Florida,18.00
20211844,2021,1,FLL,Florida,MCO,Florida,1.00
20211845,2021,1,FLL,Florida,MCO,Florida,2.00
20211846,2021,1,FLL,Florida,MCO,Florida,7.00
20211847,2021,1,FLL,Florida,MCO,Florida,1.00
20211848,2021,1,FLL,Florida,MCO,Florida,2.00
20211849,2021,1,FLL,Florida,MCO,Florida,1.00
20211850,2021,1,FLL,Florida,MCO,Florida,2.00
20211851,2021,1,FLL,Florida,MCO,Florida,1.00
20211852,2021,1,FLL,Florida,MCO,Florida,1.00
20211853,2021,1,FLL,Florida,MCO,Florida,1.00
20211854,2021,1,FLL,Florida,MCO,Florida,3.00
20211855,2021,1,FLL,Florida,MCO,Florida,2.00
20211856,2021,1,FLL,Florida,MCO,Florida,4.00
20211857,2021,1,FLL,Florida,MCO,Florida,1.00
20211858,2021,1,FLL,Florida,MCO,Florida,2.00
20211859,2021,1,FLL,Florida,MCO,Florida,4.00
20211860,2021,1,FLL,Florida,MCO,Florida,2.00
20211861,2021,1,FLL,Florida,MCO,Florida,1.00
20211862,2021,1,FLL,Florida,MCO,Florida,1.00
20211863,2021,1,FLL,Florida,ALB,New York,1.00
20211864,2021,1,FLL,Florida,ALB,New York,1.00
20211865,2021,1,FLL,Florida,ALB,New York,1.00
20211866,2021,1,FLL,Florida,ALB,New York,1.00
20211867,2021,1,FLL,Florida,BDL,Connecticut,1.00
20211868,2021,1,FLL,Florida,BOS,Massachusetts,1.00
20211869,2021,1,FLL,Florida,CHS,South Carolina,1.00
20211870,2021,1,FLL,Florida,DEN,Colorado,1.00
20211871,2021,1,FLL,Florida,DCA,Virginia,1.00
20211872,2021,1,FLL,Florida,EWR,New Jersey,1.00
20211873,2021,1,FLL,Florida,EWR,New Jersey,1.00
20211874,2021,1,FLL,Florida,EWR,New Jersey,3.00
20211875,2021,1,FLL,Florida,EWR,New Jersey,1.00
20211876,2021,1,FLL,Florida,EWR,New Jersey,1.00
20211877,2021,1,FLL,Florida,EWR,New Jersey,1.00
20211878,2021,1,FLL,Florida,EWR,New Jersey,1.00
20211879,2021,1,FLL,Florida,EWR,New Jersey,1.00
20211880,2021,1,FLL,Florida,EWR,New Jersey,1.00
20211881,2021,1,FLL,Florida,ALB,New York,1.00
20211882,2021,1,FLL,Florida,DTW,Michigan,1.00
20211883,2021,1,FLL,Florida,MCO,Florida,1.00
20211883,2021,1,MCO,Florida,FLL,Florida,1.00
20211884,2021,1,FLL,Florida,MCO,Florida,1.00
20211884,2021,1,MCO,Florida,FLL,Florida,1.00
20211885,2021,1,FLL,Florida,MCO,Florida,1.00
20211885,2021,1,MCO,Florida,FLL,Florida,1.00
20211886,2021,1,FLL,Florida,MCO,Florida,3.00
20211886,2021,1,MCO,Florida,FLL,Florida,3.00
20211887,2021,1,FLL,Florida,MCO,Florida,1.00
20211887,2021,1,MCO,Florida,FLL,Florida,1.00
20211888,2021,1,FLL,Florida,MCO,Florida,1.00
20211888,2021,1,MCO,Florida,FLL,Florida,1.00
20211889,2021,1,FLL,Florida,MCO,Florida,2.00
20211889,2021,1,MCO,Florida,FLL,Florida,2.00
20211890,2021,1,FLL,Florida,MCO,Florida,1.00
20211890,2021,1,MCO,Florida,FLL,Florida,1.00
20211891,2021,1,FLL,Florida,MCO,Florida,2.00
20211891,2021,1,MCO,Florida,FLL,Florida,2.00
20211892,2021,1,FLL,Florida,MCO,Florida,1.00
20211892,2021,1,MCO,Florida,FLL,Florida,1.00
20211893,2021,1,FLL,Florida,MCO,Florida,1.00
20211893,2021,1,MCO,Florida,FLL,Florida,1.00
20211894,2021,1,FLL,Florida,MCO,Florida,1.00
20211894,2021,1,MCO,Florida,FLL,Florida,1.00
20211895,2021,1,FLL,Florida,MCO,Florida,4.00
20211895,2021,1,MCO,Florida,FLL,Florida,4.00
20211896,2021,1,FLL,Florida,MCO,Florida,1.00
20211896,2021,1,MCO,Florida,FLL,Florida,1.00
20211897,2021,1,FLL,Florida,MCO,Florida,1.00
20211897,2021,1,MCO,Florida,FLL,Florida,1.00
20211898,2021,1,FLL,Florida,MCO,Florida,2.00
20211898,2021,1,MCO,Florida,FLL,Florida,2.00
20211899,2021,1,FLL,Florida,MCO,Florida,1.00
20211899,2021,1,MCO,Florida,FLL,Florida,1.00
20211900,2021,1,FLL,Florida,MCO,Florida,1.00
20211900,2021,1,MCO,Florida,FLL,Florida,1.00
20211901,2021,1,FLL,Florida,MCO,Florida,2.00
20211901,2021,1,MCO,Florida,FLL,Florida,2.00
20211902,2021,1,FLL,Florida,MCO,Florida,1.00
20211902,2021,1,MCO,Florida,FLL,Florida,1.00
20211903,2021,1,FLL,Florida,MCO,Florida,1.00
20211903,2021,1,MCO,Florida,FLL,Florida,1.00
20211904,2021,1,FLL,Florida,HSV,Alabama,1.00
20211905,2021,1,FLL,Florida,HSV,Alabama,1.00
20211906,2021,1,FLL,Florida,AVP,Pennsylvania,1.00
20211907,2021,1,FLL,Florida,PVD,Rhode Island,1.00
20211908,2021,1,FLL,Florida,IAH,Texas,1.00
20211909,2021,1,FLL,Florida,JFK,New York,1.00
20211910,2021,1,FLL,Florida,JFK,New York,2.00
20211911,2021,1,FLL,Florida,JFK,New York,1.00
20211912,2021,1,FLL,Florida,LGA,New York,1.00
20211913,2021,1,FLL,Florida,LGA,New York,3.00
20211914,2021,1,FLL,Florida,LGA,New York,2.00
20211915,2021,1,FLL,Florida,LGA,New York,1.00
20211916,2021,1,FLL,Florida,ORD,Illinois,1.00
20211917,2021,1,FLL,Florida,ORD,Illinois,1.00
20211918,2021,1,FLL,Florida,PNS,Florida,2.00
20211919,2021,1,FLL,Florida,PNS,Florida,1.00
20211920,2021,1,FLL,Florida,PNS,Florida,2.00
20211921,2021,1,FLL,Florida,PNS,Florida,2.00
20211922,2021,1,FLL,Florida,PNS,Florida,8.00
20211923,2021,1,FLL,Florida,PNS,Florida,1.00
20211924,2021,1,FLL,Florida,PNS,Florida,1.00
20211925,2021,1,FLL,Florida,PNS,Florida,1.00
20211926,2021,1,FLL,Florida,PNS,Florida,1.00
20211927,2021,1,FLL,Florida,PNS,Florida,1.00
20211928,2021,1,FLL,Florida,PNS,Florida,3.00
20211929,2021,1,FLL,Florida,PNS,Florida,1.00
20211930,2021,1,FLL,Florida,PNS,Florida,1.00
20211931,2021,1,FLL,Florida,PNS,Florida,5.00
20211932,2021,1,FLL,Florida,PNS,Florida,1.00
20211933,2021,1,FLL,Florida,PNS,Florida,1.00
20211934,2021,1,FLL,Florida,PNS,Florida,1.00
20211935,2021,1,FLL,Florida,PNS,Florida,1.00
20211935,2021,1,PNS,Florida,FLL,Florida,1.00
20211936,2021,1,FLL,Florida,PNS,Florida,2.00
20211936,2021,1,PNS,Florida,FLL,Florida,2.00
20211937,2021,1,FLL,Florida,PNS,Florida,1.00
20211937,2021,1,PNS,Florida,FLL,Florida,1.00
20211938,2021,1,FLL,Florida,PNS,Florida,1.00
20211938,2021,1,PNS,Florida,FLL,Florida,1.00
20211939,2021,1,FLL,Florida,PNS,Florida,1.00
20211939,2021,1,PNS,Florida,FLL,Florida,1.00
20211940,2021,1,FLL,Florida,PVD,Rhode Island,1.00
20211941,2021,1,FLL,Florida,PVD,Rhode Island,1.00
20211942,2021,1,FLL,Florida,PVD,Rhode Island,1.00
20211942,2021,1,PVD,Rhode Island,FLL,Florida,1.00
20211943,2021,1,FLL,Florida,RIC,Virginia,1.00
20211944,2021,1,FLL,Florida,RIC,Virginia,1.00
20211979,2021,1,FLL,Florida,PNS,Florida,1.00
20211980,2021,1,FLL,Florida,PNS,Florida,1.00
20211981,2021,1,FLL,Florida,TLH,Florida,2.00
20211982,2021,1,FLL,Florida,TLH,Florida,2.00
20211983,2021,1,FLL,Florida,TLH,Florida,2.00
20211984,2021,1,FLL,Florida,TLH,Florida,3.00
20211985,2021,1,FLL,Florida,TLH,Florida,1.00
20211986,2021,1,FLL,Florida,TLH,Florida,5.00
20211987,2021,1,FLL,Florida,TLH,Florida,2.00
20211988,2021,1,FLL,Florida,TLH,Florida,1.00
20211989,2021,1,FLL,Florida,TLH,Florida,7.00
20211990,2021,1,FLL,Florida,TLH,Florida,2.00
20211991,2021,1,FLL,Florida,TLH,Florida,2.00
20211992,2021,1,FLL,Florida,TLH,Florida,7.00
20211993,2021,1,FLL,Florida,TLH,Florida,1.00
20211994,2021,1,FLL,Florida,TLH,Florida,6.00
20211995,2021,1,FLL,Florida,TLH,Florida,1.00
20211996,2021,1,FLL,Florida,TLH,Florida,1.00
20211997,2021,1,FLL,Florida,TLH,Florida,1.00
20211998,2021,1,FLL,Florida,TLH,Florida,1.00
20211999,2021,1,FLL,Florida,TLH,Florida,1.00
202111000,2021,1,FLL,Florida,TLH,Florida,2.00
202111001,2021,1,FLL,Florida,TLH,Florida,2.00
202111002,2021,1,FLL,Florida,TLH,Florida,1.00
202111003,2021,1,FLL,Florida,TLH,Florida,1.00
202111004,2021,1,FLL,Florida,TLH,Florida,4.00
202111005,2021,1,FLL,Florida,TLH,Florida,1.00
202111006,2021,1,FLL,Florida,TLH,Florida,3.00
202111007,2021,1,FLL,Florida,TLH,Florida,2.00
202111008,2021,1,FLL,Florida,TLH,Florida,6.00
202111009,2021,1,FLL,Florida,TLH,Florida,1.00
202111010,2021,1,FLL,Florida,TLH,Florida,1.00
202111011,2021,1,FLL,Florida,TLH,Florida,1.00
202111012,2021,1,FLL,Florida,TLH,Florida,1.00
202111012,2021,1,TLH,Florida,FLL,Florida,1.00
202111013,2021,1,FLL,Florida,TLH,Florida,1.00
202111013,2021,1,TLH,Florida,FLL,Florida,1.00
202111014,2021,1,FLL,Florida,TLH,Florida,6.00
202111014,2021,1,TLH,Florida,FLL,Florida,6.00
202111015,2021,1,FLL,Florida,TLH,Florida,2.00
